Id,Name,Company Name,City,Salary
1,Employee_1,TechCorp,New York,80745
2,Employee_2,HealthInc,Phoenix,96097
3,Employee_3,AutoMakers,New York,68480
4,Employee_4,RetailWorld,Chicago,117670
5,Employee_5,EduSoft,Phoenix,
6,Employee_6,EduSoft,Phoenix,
7,Employee_7,RetailWorld,Chicago,
8,Employee_8,AutoMakers,Houston,
9,Employee_9,EduSoft,Phoenix,98765
10,Employee_10,EduSoft,Houston,65071
11,Employee_11,HealthInc,Chicago,40280
12,Employee_12,AutoMakers,Phoenix,110757
13,Employee_13,TechCorp,Chicago,84916
14,Employee_14,AutoMakers,Chicago,113851
15,Employee_15,EduSoft,Chicago,56762
16,Employee_16,TechCorp,Los Angeles,70583
17,Employee_17,HealthInc,Los Angeles,59744
18,Employee_18,AutoMakers,New York,56245
19,Employee_19,RetailWorld,Chicago,74288
20,Employee_20,RetailWorld,Phoenix,97759
21,Employee_21,AutoMakers,Houston,57964
22,Employee_22,EduSoft,Chicago,102120
23,Employee_23,TechCorp,Houston,50898
24,Employee_24,EduSoft,Los Angeles,57255
25,Employee_25,HealthInc,Chicago,50839
26,Employee_26,TechCorp,Los Angeles,50048
27,Employee_27,EduSoft,Houston,55481
28,Employee_28,RetailWorld,Phoenix,64392
29,Employee_29,HealthInc,Houston,46570
30,Employee_30,EduSoft,Chicago,71144
31,Employee_31,HealthInc,Los Angeles,62720
32,Employee_32,RetailWorld,Phoenix,63391
33,Employee_33,TechCorp,Phoenix,108054
34,Employee_34,HealthInc,Houston,60689
35,Employee_35,RetailWorld,Chicago,116546
36,Employee_36,AutoMakers,Los Angeles,45132
37,Employee_37,HealthInc,New York,89498
38,Employee_38,HealthInc,New York,81592
39,Employee_39,EduSoft,New York,119819
40,Employee_40,AutoMakers,New York,106503
41,Employee_41,EduSoft,Houston,79705
42,Employee_42,RetailWorld,Phoenix,103696
43,Employee_43,RetailWorld,Phoenix,105808
44,Employee_44,AutoMakers,Chicago,67840
45,Employee_45,HealthInc,Phoenix,62358
46,Employee_46,AutoMakers,Phoenix,85424
47,Employee_47,AutoMakers,Los Angeles,97650
48,Employee_48,RetailWorld,Houston,44592
49,Employee_49,TechCorp,Los Angeles,49495
50,Employee_50,RetailWorld,Houston,108839
51,Employee_51,TechCorp,Los Angeles,83534
52,Employee_52,TechCorp,Houston,119127
53,Employee_53,EduSoft,Houston,98232
54,Employee_54,EduSoft,Chicago,45373
55,Employee_55,RetailWorld,Houston,110160
56,Employee_56,TechCorp,Houston,119744
57,Employee_57,TechCorp,Chicago,117263
58,Employee_58,RetailWorld,Phoenix,64286
59,Employee_59,TechCorp,Los Angeles,81230
60,Employee_60,HealthInc,Los Angeles,119786
61,Employee_61,AutoMakers,Phoenix,43476
62,Employee_62,RetailWorld,Los Angeles,101678
63,Employee_63,HealthInc,Houston,98240
64,Employee_64,AutoMakers,Los Angeles,40713
65,Employee_65,EduSoft,New York,57666
66,Employee_66,HealthInc,New York,56973
67,Employee_67,RetailWorld,Houston,78741
68,Employee_68,AutoMakers,Chicago,107809
69,Employee_69,HealthInc,Chicago,63684
70,Employee_70,EduSoft,Chicago,104776
71,Employee_71,EduSoft,Los Angeles,60302
72,Employee_72,RetailWorld,Los Angeles,46698
73,Employee_73,EduSoft,Houston,69089
74,Employee_74,AutoMakers,Chicago,83389
75,Employee_75,TechCorp,New York,49470
76,Employee_76,EduSoft,Houston,48082
77,Employee_77,HealthInc,New York,102561
78,Employee_78,TechCorp,New York,83696
79,Employee_79,TechCorp,Houston,106890
80,Employee_80,HealthInc,Houston,67739
81,Employee_81,AutoMakers,Chicago,52622
82,Employee_82,RetailWorld,Houston,94268
83,Employee_83,AutoMakers,Houston,41118
84,Employee_84,EduSoft,Chicago,60617
85,Employee_85,RetailWorld,Los Angeles,43653
86,Employee_86,AutoMakers,Chicago,76858
87,Employee_87,HealthInc,Houston,53509
88,Employee_88,RetailWorld,New York,44346
89,Employee_89,HealthInc,Phoenix,50112
90,Employee_90,EduSoft,Houston,85092
91,Employee_91,HealthInc,Chicago,117592
92,Employee_92,TechCorp,Chicago,76618
93,Employee_93,AutoMakers,Houston,88882
94,Employee_94,AutoMakers,Chicago,72954
95,Employee_95,RetailWorld,Phoenix,93014
96,Employee_96,AutoMakers,Houston,88257
97,Employee_97,RetailWorld,Houston,84766
98,Employee_98,EduSoft,Los Angeles,107765
99,Employee_99,TechCorp,New York,63626
100,Employee_100,TechCorp,Phoenix,109866
101,Employee_101,AutoMakers,Chicago,77365
102,Employee_102,AutoMakers,Phoenix,71439
103,Employee_103,EduSoft,Phoenix,107659
104,Employee_104,EduSoft,Los Angeles,111392
105,Employee_105,RetailWorld,Los Angeles,74868
106,Employee_106,AutoMakers,New York,113628
107,Employee_107,HealthInc,Chicago,41868
108,Employee_108,EduSoft,Chicago,52431
109,Employee_109,AutoMakers,New York,69635
110,Employee_110,HealthInc,Chicago,107592
111,Employee_111,RetailWorld,Chicago,94424
112,Employee_112,AutoMakers,Houston,112267
113,Employee_113,TechCorp,Houston,63010
114,Employee_114,AutoMakers,New York,118320
115,Employee_115,TechCorp,Chicago,71983
116,Employee_116,TechCorp,Phoenix,60906
117,Employee_117,AutoMakers,New York,104257
118,Employee_118,AutoMakers,Los Angeles,88144
119,Employee_119,AutoMakers,Chicago,76481
120,Employee_120,HealthInc,Chicago,60449
121,Employee_121,TechCorp,Phoenix,78880
122,Employee_122,EduSoft,Chicago,117486
123,Employee_123,AutoMakers,Houston,71410
124,Employee_124,EduSoft,Chicago,89148
125,Employee_125,TechCorp,New York,94576
126,Employee_126,EduSoft,Phoenix,117347
127,Employee_127,RetailWorld,Los Angeles,65250
128,Employee_128,EduSoft,Phoenix,93015
129,Employee_129,EduSoft,Los Angeles,61192
130,Employee_130,EduSoft,Los Angeles,87359
131,Employee_131,TechCorp,Chicago,71020
132,Employee_132,AutoMakers,Chicago,47329
133,Employee_133,AutoMakers,Houston,110798
134,Employee_134,AutoMakers,New York,95656
135,Employee_135,RetailWorld,New York,102650
136,Employee_136,AutoMakers,Houston,56753
137,Employee_137,EduSoft,Phoenix,70174
138,Employee_138,TechCorp,Houston,113698
139,Employee_139,HealthInc,Phoenix,42406
140,Employee_140,EduSoft,New York,47264
141,Employee_141,EduSoft,Los Angeles,76975
142,Employee_142,AutoMakers,Chicago,89504
143,Employee_143,HealthInc,Los Angeles,88517
144,Employee_144,RetailWorld,Chicago,117606
145,Employee_145,HealthInc,Phoenix,72919
146,Employee_146,AutoMakers,Houston,102431
147,Employee_147,TechCorp,Chicago,40280
148,Employee_148,EduSoft,New York,117723
149,Employee_149,EduSoft,Phoenix,63075
150,Employee_150,RetailWorld,Los Angeles,47234
151,Employee_151,RetailWorld,Phoenix,61874
152,Employee_152,TechCorp,Los Angeles,74561
153,Employee_153,HealthInc,New York,45914
154,Employee_154,EduSoft,Phoenix,84238
155,Employee_155,RetailWorld,New York,68694
156,Employee_156,HealthInc,Houston,112737
157,Employee_157,RetailWorld,Chicago,95891
158,Employee_158,AutoMakers,Houston,79083
159,Employee_159,RetailWorld,Chicago,94415
160,Employee_160,HealthInc,Phoenix,48453
161,Employee_161,RetailWorld,New York,106766
162,Employee_162,HealthInc,Phoenix,96528
163,Employee_163,HealthInc,Houston,56488
164,Employee_164,HealthInc,Chicago,113662
165,Employee_165,HealthInc,New York,114249
166,Employee_166,AutoMakers,New York,99138
167,Employee_167,TechCorp,Houston,110777
168,Employee_168,AutoMakers,Chicago,117123
169,Employee_169,EduSoft,Houston,45161
170,Employee_170,AutoMakers,Phoenix,87566
171,Employee_171,EduSoft,Phoenix,97299
172,Employee_172,AutoMakers,Houston,112993
173,Employee_173,EduSoft,Los Angeles,97668
174,Employee_174,TechCorp,Phoenix,100268
175,Employee_175,TechCorp,New York,55317
176,Employee_176,RetailWorld,Phoenix,66529
177,Employee_177,RetailWorld,Los Angeles,68581
178,Employee_178,AutoMakers,Houston,86472
179,Employee_179,EduSoft,New York,80711
180,Employee_180,TechCorp,Houston,82803
181,Employee_181,AutoMakers,Chicago,78891
182,Employee_182,AutoMakers,Houston,74317
183,Employee_183,TechCorp,Chicago,117721
184,Employee_184,TechCorp,Houston,85323
185,Employee_185,TechCorp,Houston,68765
186,Employee_186,AutoMakers,Phoenix,115020
187,Employee_187,AutoMakers,Houston,43872
188,Employee_188,RetailWorld,Phoenix,78295
189,Employee_189,TechCorp,Phoenix,110079
190,Employee_190,RetailWorld,Los Angeles,95350
191,Employee_191,HealthInc,New York,78486
192,Employee_192,RetailWorld,Houston,117896
193,Employee_193,HealthInc,Los Angeles,91231
194,Employee_194,TechCorp,Houston,80138
195,Employee_195,EduSoft,Chicago,117468
196,Employee_196,AutoMakers,Chicago,56915
197,Employee_197,EduSoft,Chicago,64883
198,Employee_198,EduSoft,Houston,41044
199,Employee_199,HealthInc,Phoenix,104453
200,Employee_200,TechCorp,New York,116975
201,Employee_201,EduSoft,Chicago,41211
202,Employee_202,RetailWorld,Phoenix,94451
203,Employee_203,AutoMakers,Chicago,47985
204,Employee_204,AutoMakers,Houston,112951
205,Employee_205,HealthInc,Los Angeles,110887
206,Employee_206,HealthInc,New York,99887
207,Employee_207,AutoMakers,Phoenix,72741
208,Employee_208,HealthInc,Phoenix,101675
209,Employee_209,AutoMakers,New York,99549
210,Employee_210,RetailWorld,New York,82437
211,Employee_211,RetailWorld,Houston,98094
212,Employee_212,TechCorp,Phoenix,50549
213,Employee_213,TechCorp,Phoenix,83394
214,Employee_214,HealthInc,Houston,65126
215,Employee_215,TechCorp,New York,45887
216,Employee_216,EduSoft,New York,71676
217,Employee_217,EduSoft,Houston,41751
218,Employee_218,AutoMakers,Phoenix,53823
219,Employee_219,HealthInc,Houston,82131
220,Employee_220,AutoMakers,Houston,97160
221,Employee_221,EduSoft,Los Angeles,83350
222,Employee_222,AutoMakers,Houston,61339
223,Employee_223,HealthInc,New York,107153
224,Employee_224,RetailWorld,Chicago,118985
225,Employee_225,TechCorp,Phoenix,71773
226,Employee_226,TechCorp,Los Angeles,116631
227,Employee_227,RetailWorld,Chicago,47585
228,Employee_228,AutoMakers,Houston,76025
229,Employee_229,AutoMakers,New York,83091
230,Employee_230,RetailWorld,Houston,79536
231,Employee_231,AutoMakers,Los Angeles,91369
232,Employee_232,HealthInc,Phoenix,63940
233,Employee_233,HealthInc,Phoenix,109881
234,Employee_234,HealthInc,Chicago,91342
235,Employee_235,HealthInc,Chicago,51907
236,Employee_236,HealthInc,New York,111887
237,Employee_237,EduSoft,Phoenix,44596
238,Employee_238,TechCorp,Phoenix,70221
239,Employee_239,HealthInc,Chicago,47219
240,Employee_240,HealthInc,New York,58253
241,Employee_241,EduSoft,Phoenix,115819
242,Employee_242,TechCorp,New York,105921
243,Employee_243,TechCorp,New York,93214
244,Employee_244,TechCorp,Los Angeles,102526
245,Employee_245,RetailWorld,Los Angeles,62070
246,Employee_246,EduSoft,Chicago,63389
247,Employee_247,HealthInc,Los Angeles,109320
248,Employee_248,EduSoft,Chicago,82663
249,Employee_249,RetailWorld,Chicago,98450
250,Employee_250,HealthInc,Houston,86349
251,Employee_251,TechCorp,Phoenix,57826
252,Employee_252,HealthInc,Houston,54724
253,Employee_253,AutoMakers,New York,74994
254,Employee_254,TechCorp,New York,81153
255,Employee_255,RetailWorld,Los Angeles,86331
256,Employee_256,RetailWorld,Chicago,104579
257,Employee_257,TechCorp,New York,70835
258,Employee_258,EduSoft,Los Angeles,92751
259,Employee_259,EduSoft,Los Angeles,66167
260,Employee_260,HealthInc,New York,102947
261,Employee_261,EduSoft,Los Angeles,70917
262,Employee_262,AutoMakers,Phoenix,99944
263,Employee_263,RetailWorld,New York,102479
264,Employee_264,HealthInc,Los Angeles,110786
265,Employee_265,TechCorp,Phoenix,53705
266,Employee_266,AutoMakers,New York,77299
267,Employee_267,AutoMakers,Los Angeles,66496
268,Employee_268,AutoMakers,Houston,78394
269,Employee_269,TechCorp,Phoenix,94766
270,Employee_270,AutoMakers,Houston,66123
271,Employee_271,HealthInc,Los Angeles,73325
272,Employee_272,TechCorp,New York,78401
273,Employee_273,AutoMakers,New York,42603
274,Employee_274,TechCorp,Los Angeles,50305
275,Employee_275,RetailWorld,New York,96503
276,Employee_276,RetailWorld,Phoenix,115897
277,Employee_277,EduSoft,Los Angeles,94355
278,Employee_278,EduSoft,Chicago,88281
279,Employee_279,RetailWorld,Houston,68708
280,Employee_280,TechCorp,Chicago,119606
281,Employee_281,EduSoft,Los Angeles,85106
282,Employee_282,RetailWorld,New York,102669
283,Employee_283,TechCorp,Phoenix,70748
284,Employee_284,EduSoft,Phoenix,46530
285,Employee_285,AutoMakers,Chicago,58328
286,Employee_286,AutoMakers,Houston,84557
287,Employee_287,RetailWorld,Los Angeles,107264
288,Employee_288,EduSoft,Phoenix,79750
289,Employee_289,HealthInc,New York,52963
290,Employee_290,HealthInc,Los Angeles,60473
291,Employee_291,AutoMakers,New York,83284
292,Employee_292,EduSoft,Chicago,99541
293,Employee_293,EduSoft,Los Angeles,95189
294,Employee_294,TechCorp,Phoenix,71605
295,Employee_295,EduSoft,New York,112849
296,Employee_296,HealthInc,Phoenix,105044
297,Employee_297,HealthInc,Houston,91324
298,Employee_298,TechCorp,Los Angeles,114300
299,Employee_299,AutoMakers,Phoenix,76943
300,Employee_300,EduSoft,Chicago,96967
301,Employee_301,HealthInc,Los Angeles,76407
302,Employee_302,RetailWorld,Phoenix,88465
303,Employee_303,RetailWorld,Los Angeles,112555
304,Employee_304,EduSoft,Los Angeles,83918
305,Employee_305,TechCorp,Los Angeles,104886
306,Employee_306,EduSoft,Chicago,107966
307,Employee_307,AutoMakers,Los Angeles,94800
308,Employee_308,RetailWorld,Houston,96565
309,Employee_309,RetailWorld,Chicago,72723
310,Employee_310,HealthInc,Los Angeles,51611
311,Employee_311,EduSoft,Los Angeles,60536
312,Employee_312,TechCorp,Houston,103077
313,Employee_313,AutoMakers,Phoenix,55828
314,Employee_314,TechCorp,Los Angeles,100471
315,Employee_315,RetailWorld,Houston,114435
316,Employee_316,EduSoft,Houston,91785
317,Employee_317,RetailWorld,New York,71507
318,Employee_318,RetailWorld,Phoenix,93230
319,Employee_319,TechCorp,Phoenix,61188
320,Employee_320,EduSoft,Chicago,79769
321,Employee_321,RetailWorld,Chicago,104878
322,Employee_322,HealthInc,Houston,97971
323,Employee_323,EduSoft,Phoenix,51718
324,Employee_324,TechCorp,Phoenix,112772
325,Employee_325,HealthInc,Houston,111885
326,Employee_326,TechCorp,Houston,50502
327,Employee_327,AutoMakers,Houston,86076
328,Employee_328,RetailWorld,Phoenix,110470
329,Employee_329,TechCorp,New York,86777
330,Employee_330,HealthInc,Los Angeles,45616
331,Employee_331,RetailWorld,Los Angeles,80432
332,Employee_332,RetailWorld,Los Angeles,46671
333,Employee_333,EduSoft,Houston,46292
334,Employee_334,EduSoft,Chicago,90609
335,Employee_335,AutoMakers,Houston,117079
336,Employee_336,HealthInc,Los Angeles,41935
337,Employee_337,RetailWorld,Chicago,100061
338,Employee_338,HealthInc,New York,117188
339,Employee_339,HealthInc,New York,104588
340,Employee_340,RetailWorld,Phoenix,75348
341,Employee_341,RetailWorld,Los Angeles,97268
342,Employee_342,RetailWorld,Houston,68948
343,Employee_343,HealthInc,Los Angeles,82620
344,Employee_344,HealthInc,New York,44113
345,Employee_345,RetailWorld,Los Angeles,75897
346,Employee_346,RetailWorld,Chicago,57845
347,Employee_347,AutoMakers,Phoenix,48218
348,Employee_348,EduSoft,Chicago,100927
349,Employee_349,EduSoft,Houston,47476
350,Employee_350,TechCorp,Los Angeles,66908
351,Employee_351,HealthInc,Phoenix,115100
352,Employee_352,RetailWorld,Los Angeles,69352
353,Employee_353,RetailWorld,Houston,100812
354,Employee_354,AutoMakers,Chicago,50280
355,Employee_355,RetailWorld,Los Angeles,119565
356,Employee_356,EduSoft,Phoenix,50261
357,Employee_357,AutoMakers,Chicago,57539
358,Employee_358,HealthInc,Los Angeles,109514
359,Employee_359,HealthInc,Phoenix,56422
360,Employee_360,AutoMakers,Phoenix,53023
361,Employee_361,RetailWorld,Chicago,78733
362,Employee_362,TechCorp,Phoenix,108389
363,Employee_363,HealthInc,Phoenix,108740
364,Employee_364,HealthInc,Houston,118362
365,Employee_365,EduSoft,Chicago,110810
366,Employee_366,TechCorp,New York,42930
367,Employee_367,HealthInc,Chicago,87710
368,Employee_368,RetailWorld,Los Angeles,42806
369,Employee_369,EduSoft,New York,86358
370,Employee_370,TechCorp,Chicago,94071
371,Employee_371,AutoMakers,Los Angeles,90617
372,Employee_372,HealthInc,Houston,50321
373,Employee_373,HealthInc,Chicago,87637
374,Employee_374,HealthInc,Los Angeles,109976
375,Employee_375,AutoMakers,Chicago,119576
376,Employee_376,TechCorp,Chicago,68559
377,Employee_377,RetailWorld,Chicago,74807
378,Employee_378,RetailWorld,Houston,108605
379,Employee_379,EduSoft,Phoenix,94924
380,Employee_380,TechCorp,New York,95584
381,Employee_381,AutoMakers,Phoenix,99203
382,Employee_382,EduSoft,Houston,53016
383,Employee_383,AutoMakers,Los Angeles,86400
384,Employee_384,EduSoft,Phoenix,72692
385,Employee_385,HealthInc,Houston,90396
386,Employee_386,AutoMakers,Phoenix,112005
387,Employee_387,AutoMakers,New York,96246
388,Employee_388,RetailWorld,Los Angeles,72938
389,Employee_389,TechCorp,Houston,78160
390,Employee_390,HealthInc,Houston,80225
391,Employee_391,TechCorp,New York,56594
392,Employee_392,AutoMakers,Chicago,97822
393,Employee_393,AutoMakers,New York,100561
394,Employee_394,AutoMakers,Los Angeles,51593
395,Employee_395,TechCorp,Los Angeles,79348
396,Employee_396,TechCorp,Chicago,109204
397,Employee_397,HealthInc,Houston,113831
398,Employee_398,RetailWorld,Los Angeles,59382
399,Employee_399,RetailWorld,New York,96578
400,Employee_400,TechCorp,New York,69796
401,Employee_401,TechCorp,Los Angeles,98250
402,Employee_402,RetailWorld,Phoenix,53152
403,Employee_403,RetailWorld,Chicago,74470
404,Employee_404,AutoMakers,Houston,49052
405,Employee_405,HealthInc,New York,64532
406,Employee_406,EduSoft,New York,96964
407,Employee_407,AutoMakers,Los Angeles,45897
408,Employee_408,HealthInc,New York,105598
409,Employee_409,EduSoft,Chicago,45983
410,Employee_410,AutoMakers,New York,116203
411,Employee_411,EduSoft,Houston,67163
412,Employee_412,HealthInc,Chicago,67871
413,Employee_413,AutoMakers,Houston,106497
414,Employee_414,EduSoft,Chicago,85883
415,Employee_415,RetailWorld,Houston,111489
416,Employee_416,EduSoft,Los Angeles,92575
417,Employee_417,RetailWorld,Los Angeles,71612
418,Employee_418,HealthInc,Los Angeles,73642
419,Employee_419,EduSoft,Los Angeles,83265
420,Employee_420,HealthInc,Chicago,81743
421,Employee_421,TechCorp,Los Angeles,88840
422,Employee_422,TechCorp,New York,78843
423,Employee_423,HealthInc,Chicago,113110
424,Employee_424,TechCorp,Los Angeles,86766
425,Employee_425,AutoMakers,Los Angeles,100477
426,Employee_426,TechCorp,Los Angeles,93279
427,Employee_427,TechCorp,Los Angeles,58641
428,Employee_428,HealthInc,Houston,41956
429,Employee_429,AutoMakers,Phoenix,102320
430,Employee_430,HealthInc,Chicago,46509
431,Employee_431,TechCorp,Phoenix,106327
432,Employee_432,HealthInc,Phoenix,71995
433,Employee_433,HealthInc,New York,83678
434,Employee_434,RetailWorld,Chicago,96226
435,Employee_435,EduSoft,New York,60599
436,Employee_436,TechCorp,New York,53410
437,Employee_437,TechCorp,Los Angeles,96099
438,Employee_438,AutoMakers,New York,77208
439,Employee_439,AutoMakers,Los Angeles,40643
440,Employee_440,AutoMakers,Los Angeles,104389
441,Employee_441,HealthInc,Phoenix,104397
442,Employee_442,TechCorp,New York,66304
443,Employee_443,EduSoft,Chicago,89582
444,Employee_444,EduSoft,Houston,87494
445,Employee_445,TechCorp,Houston,64499
446,Employee_446,RetailWorld,Los Angeles,117964
447,Employee_447,RetailWorld,Phoenix,107508
448,Employee_448,RetailWorld,New York,53800
449,Employee_449,TechCorp,Chicago,95865
450,Employee_450,AutoMakers,Phoenix,66669
451,Employee_451,EduSoft,Chicago,111809
452,Employee_452,TechCorp,New York,113720
453,Employee_453,TechCorp,Phoenix,75054
454,Employee_454,RetailWorld,Los Angeles,88824
455,Employee_455,HealthInc,Phoenix,115162
456,Employee_456,HealthInc,Chicago,91511
457,Employee_457,AutoMakers,New York,49641
458,Employee_458,TechCorp,Phoenix,54952
459,Employee_459,RetailWorld,Chicago,98026
460,Employee_460,AutoMakers,Phoenix,62963
461,Employee_461,EduSoft,Houston,73904
462,Employee_462,TechCorp,New York,80699
463,Employee_463,RetailWorld,Phoenix,81242
464,Employee_464,RetailWorld,Chicago,75587
465,Employee_465,AutoMakers,New York,73747
466,Employee_466,HealthInc,Houston,109860
467,Employee_467,HealthInc,Houston,77725
468,Employee_468,EduSoft,Chicago,85188
469,Employee_469,TechCorp,New York,86155
470,Employee_470,AutoMakers,New York,57563
471,Employee_471,HealthInc,New York,67917
472,Employee_472,HealthInc,New York,100516
473,Employee_473,HealthInc,Los Angeles,85895
474,Employee_474,EduSoft,New York,101943
475,Employee_475,HealthInc,Los Angeles,118712
476,Employee_476,TechCorp,Chicago,87050
477,Employee_477,AutoMakers,Houston,95596
478,Employee_478,TechCorp,Houston,57388
479,Employee_479,EduSoft,New York,89313
480,Employee_480,TechCorp,New York,59236
481,Employee_481,RetailWorld,Chicago,116777
482,Employee_482,AutoMakers,New York,103704
483,Employee_483,RetailWorld,Phoenix,88224
484,Employee_484,TechCorp,Los Angeles,41946
485,Employee_485,TechCorp,New York,102859
486,Employee_486,EduSoft,Los Angeles,87709
487,Employee_487,RetailWorld,Los Angeles,84315
488,Employee_488,TechCorp,New York,114821
489,Employee_489,TechCorp,New York,115058
490,Employee_490,EduSoft,Los Angeles,44821
491,Employee_491,AutoMakers,Houston,95779
492,Employee_492,RetailWorld,Chicago,106423
493,Employee_493,EduSoft,Houston,103483
494,Employee_494,RetailWorld,Chicago,87975
495,Employee_495,AutoMakers,Chicago,52954
496,Employee_496,HealthInc,Chicago,86615
497,Employee_497,TechCorp,Los Angeles,51618
498,Employee_498,EduSoft,Houston,102832
499,Employee_499,AutoMakers,New York,94484
500,Employee_500,EduSoft,Los Angeles,106970
501,Employee_501,AutoMakers,Chicago,68824
502,Employee_502,RetailWorld,Los Angeles,97508
503,Employee_503,TechCorp,Phoenix,90539
504,Employee_504,RetailWorld,Chicago,91641
505,Employee_505,TechCorp,New York,78694
506,Employee_506,RetailWorld,Phoenix,105902
507,Employee_507,AutoMakers,New York,89583
508,Employee_508,EduSoft,Los Angeles,108154
509,Employee_509,HealthInc,Chicago,107970
510,Employee_510,EduSoft,Houston,43085
511,Employee_511,EduSoft,Chicago,43829
512,Employee_512,RetailWorld,Houston,106047
513,Employee_513,HealthInc,New York,89308
514,Employee_514,RetailWorld,Phoenix,42385
515,Employee_515,RetailWorld,Phoenix,88945
516,Employee_516,TechCorp,Houston,93653
517,Employee_517,EduSoft,Houston,114853
518,Employee_518,AutoMakers,Phoenix,85179
519,Employee_519,RetailWorld,Los Angeles,107225
520,Employee_520,RetailWorld,Houston,55448
521,Employee_521,AutoMakers,Los Angeles,105249
522,Employee_522,RetailWorld,New York,53691
523,Employee_523,TechCorp,Phoenix,105401
524,Employee_524,EduSoft,Phoenix,44939
525,Employee_525,HealthInc,New York,115492
526,Employee_526,HealthInc,Phoenix,48742
527,Employee_527,TechCorp,Los Angeles,86108
528,Employee_528,TechCorp,Houston,104730
529,Employee_529,HealthInc,Chicago,46997
530,Employee_530,HealthInc,Houston,83676
531,Employee_531,TechCorp,Los Angeles,62231
532,Employee_532,AutoMakers,New York,104947
533,Employee_533,RetailWorld,New York,84405
534,Employee_534,RetailWorld,Phoenix,58260
535,Employee_535,AutoMakers,Houston,82348
536,Employee_536,HealthInc,Phoenix,49205
537,Employee_537,EduSoft,New York,47657
538,Employee_538,TechCorp,Phoenix,80369
539,Employee_539,AutoMakers,New York,74344
540,Employee_540,AutoMakers,Chicago,67572
541,Employee_541,TechCorp,Los Angeles,68866
542,Employee_542,TechCorp,Los Angeles,79451
543,Employee_543,TechCorp,Los Angeles,95894
544,Employee_544,RetailWorld,Houston,99692
545,Employee_545,HealthInc,Houston,90412
546,Employee_546,TechCorp,Chicago,80673
547,Employee_547,TechCorp,Phoenix,118904
548,Employee_548,RetailWorld,Phoenix,75991
549,Employee_549,TechCorp,Chicago,62358
550,Employee_550,EduSoft,New York,56107
551,Employee_551,RetailWorld,Houston,94613
552,Employee_552,HealthInc,Los Angeles,72386
553,Employee_553,HealthInc,Los Angeles,82466
554,Employee_554,HealthInc,Houston,96219
555,Employee_555,RetailWorld,Phoenix,61627
556,Employee_556,HealthInc,New York,97827
557,Employee_557,RetailWorld,Phoenix,50158
558,Employee_558,TechCorp,Los Angeles,88589
559,Employee_559,HealthInc,Phoenix,94411
560,Employee_560,HealthInc,Los Angeles,87410
561,Employee_561,TechCorp,Los Angeles,96073
562,Employee_562,RetailWorld,Houston,90349
563,Employee_563,HealthInc,New York,106840
564,Employee_564,RetailWorld,Los Angeles,106883
565,Employee_565,RetailWorld,Chicago,70888
566,Employee_566,HealthInc,New York,71558
567,Employee_567,RetailWorld,Phoenix,74144
568,Employee_568,TechCorp,New York,52367
569,Employee_569,EduSoft,New York,63484
570,Employee_570,AutoMakers,Houston,112865
571,Employee_571,TechCorp,Chicago,114189
572,Employee_572,TechCorp,Los Angeles,69259
573,Employee_573,HealthInc,Phoenix,106273
574,Employee_574,RetailWorld,Phoenix,62729
575,Employee_575,TechCorp,Houston,63864
576,Employee_576,HealthInc,Los Angeles,42254
577,Employee_577,HealthInc,Los Angeles,85494
578,Employee_578,AutoMakers,Chicago,107302
579,Employee_579,TechCorp,Phoenix,58751
580,Employee_580,AutoMakers,Chicago,118759
581,Employee_581,TechCorp,Chicago,67574
582,Employee_582,RetailWorld,Houston,65146
583,Employee_583,AutoMakers,Los Angeles,81356
584,Employee_584,EduSoft,Phoenix,100631
585,Employee_585,EduSoft,Chicago,42305
586,Employee_586,TechCorp,New York,64328
587,Employee_587,AutoMakers,Phoenix,48097
588,Employee_588,AutoMakers,New York,115597
589,Employee_589,AutoMakers,Chicago,62861
590,Employee_590,AutoMakers,Phoenix,44296
591,Employee_591,AutoMakers,Houston,80899
592,Employee_592,TechCorp,Los Angeles,78835
593,Employee_593,RetailWorld,Houston,62948
594,Employee_594,HealthInc,New York,111687
595,Employee_595,EduSoft,Chicago,68689
596,Employee_596,RetailWorld,Los Angeles,88961
597,Employee_597,EduSoft,Chicago,119205
598,Employee_598,TechCorp,Houston,48629
599,Employee_599,HealthInc,Chicago,80948
600,Employee_600,AutoMakers,New York,65763
601,Employee_601,EduSoft,Chicago,107987
602,Employee_602,RetailWorld,Houston,91501
603,Employee_603,RetailWorld,Los Angeles,91432
604,Employee_604,TechCorp,Los Angeles,66423
605,Employee_605,AutoMakers,Chicago,114414
606,Employee_606,RetailWorld,Los Angeles,108551
607,Employee_607,AutoMakers,New York,113110
608,Employee_608,AutoMakers,New York,56519
609,Employee_609,AutoMakers,Los Angeles,52680
610,Employee_610,AutoMakers,Los Angeles,46209
611,Employee_611,AutoMakers,Los Angeles,114129
612,Employee_612,EduSoft,Chicago,80806
613,Employee_613,RetailWorld,Phoenix,58384
614,Employee_614,TechCorp,New York,63690
615,Employee_615,HealthInc,New York,93403
616,Employee_616,TechCorp,Houston,110181
617,Employee_617,HealthInc,Chicago,65738
618,Employee_618,RetailWorld,New York,113134
619,Employee_619,RetailWorld,Los Angeles,81980
620,Employee_620,EduSoft,New York,57058
621,Employee_621,AutoMakers,New York,74739
622,Employee_622,HealthInc,Phoenix,57079
623,Employee_623,HealthInc,Houston,51702
624,Employee_624,TechCorp,New York,100039
625,Employee_625,TechCorp,New York,97270
626,Employee_626,HealthInc,Chicago,84537
627,Employee_627,EduSoft,Phoenix,114253
628,Employee_628,AutoMakers,Chicago,92121
629,Employee_629,TechCorp,Phoenix,65343
630,Employee_630,RetailWorld,Los Angeles,72145
631,Employee_631,HealthInc,Phoenix,73329
632,Employee_632,RetailWorld,Phoenix,104192
633,Employee_633,RetailWorld,Los Angeles,92770
634,Employee_634,EduSoft,Phoenix,108672
635,Employee_635,EduSoft,Chicago,49081
636,Employee_636,TechCorp,Phoenix,53647
637,Employee_637,EduSoft,Chicago,62255
638,Employee_638,HealthInc,New York,94827
639,Employee_639,HealthInc,Phoenix,59223
640,Employee_640,HealthInc,Los Angeles,93065
641,Employee_641,TechCorp,New York,119603
642,Employee_642,HealthInc,Houston,116133
643,Employee_643,RetailWorld,Phoenix,110644
644,Employee_644,HealthInc,New York,94995
645,Employee_645,AutoMakers,Los Angeles,55126
646,Employee_646,HealthInc,New York,93474
647,Employee_647,RetailWorld,Los Angeles,69447
648,Employee_648,AutoMakers,New York,69129
649,Employee_649,TechCorp,Los Angeles,55507
650,Employee_650,AutoMakers,Los Angeles,71317
651,Employee_651,HealthInc,Houston,52620
652,Employee_652,HealthInc,New York,62448
653,Employee_653,RetailWorld,Los Angeles,65377
654,Employee_654,HealthInc,Houston,112553
655,Employee_655,AutoMakers,Phoenix,68935
656,Employee_656,TechCorp,Chicago,41183
657,Employee_657,RetailWorld,New York,93852
658,Employee_658,TechCorp,Los Angeles,116597
659,Employee_659,AutoMakers,Houston,116250
660,Employee_660,RetailWorld,Los Angeles,40805
661,Employee_661,HealthInc,Los Angeles,40064
662,Employee_662,AutoMakers,New York,81510
663,Employee_663,RetailWorld,Houston,61882
664,Employee_664,AutoMakers,Phoenix,104257
665,Employee_665,RetailWorld,Phoenix,46295
666,Employee_666,HealthInc,Houston,59880
667,Employee_667,TechCorp,New York,111154
668,Employee_668,EduSoft,Los Angeles,42178
669,Employee_669,RetailWorld,Los Angeles,54092
670,Employee_670,EduSoft,Los Angeles,79804
671,Employee_671,RetailWorld,New York,112009
672,Employee_672,HealthInc,Houston,77437
673,Employee_673,HealthInc,Phoenix,49663
674,Employee_674,RetailWorld,Houston,88535
675,Employee_675,RetailWorld,Houston,86580
676,Employee_676,TechCorp,Chicago,55804
677,Employee_677,TechCorp,New York,109638
678,Employee_678,HealthInc,Chicago,79463
679,Employee_679,AutoMakers,Chicago,68664
680,Employee_680,AutoMakers,Houston,87860
681,Employee_681,HealthInc,Chicago,103896
682,Employee_682,HealthInc,Los Angeles,64036
683,Employee_683,HealthInc,New York,63745
684,Employee_684,EduSoft,Chicago,82536
685,Employee_685,HealthInc,New York,70311
686,Employee_686,TechCorp,Los Angeles,116891
687,Employee_687,EduSoft,Los Angeles,40300
688,Employee_688,EduSoft,Los Angeles,87858
689,Employee_689,EduSoft,Los Angeles,111111
690,Employee_690,HealthInc,New York,70847
691,Employee_691,EduSoft,Houston,63143
692,Employee_692,AutoMakers,Los Angeles,80719
693,Employee_693,EduSoft,Phoenix,78094
694,Employee_694,AutoMakers,Chicago,90339
695,Employee_695,TechCorp,Los Angeles,51675
696,Employee_696,AutoMakers,Los Angeles,80360
697,Employee_697,AutoMakers,Phoenix,50542
698,Employee_698,EduSoft,Chicago,58671
699,Employee_699,HealthInc,Phoenix,89069
700,Employee_700,EduSoft,Los Angeles,94115
701,Employee_701,EduSoft,Los Angeles,73528
702,Employee_702,HealthInc,Houston,70739
703,Employee_703,AutoMakers,Chicago,43033
704,Employee_704,TechCorp,Los Angeles,106982
705,Employee_705,TechCorp,Los Angeles,88081
706,Employee_706,HealthInc,Houston,62672
707,Employee_707,TechCorp,Houston,85532
708,Employee_708,RetailWorld,Los Angeles,56393
709,Employee_709,TechCorp,Phoenix,75594
710,Employee_710,AutoMakers,Los Angeles,41234
711,Employee_711,TechCorp,New York,40517
712,Employee_712,RetailWorld,New York,116895
713,Employee_713,AutoMakers,Los Angeles,52274
714,Employee_714,TechCorp,Chicago,84712
715,Employee_715,EduSoft,New York,42476
716,Employee_716,TechCorp,Los Angeles,97570
717,Employee_717,RetailWorld,Phoenix,69940
718,Employee_718,RetailWorld,Houston,119228
719,Employee_719,EduSoft,Phoenix,58073
720,Employee_720,AutoMakers,Phoenix,47676
721,Employee_721,AutoMakers,Los Angeles,119798
722,Employee_722,TechCorp,Chicago,87893
723,Employee_723,EduSoft,Los Angeles,114256
724,Employee_724,HealthInc,New York,100270
725,Employee_725,AutoMakers,Houston,78531
726,Employee_726,EduSoft,Houston,58071
727,Employee_727,EduSoft,Phoenix,61938
728,Employee_728,HealthInc,Los Angeles,95306
729,Employee_729,TechCorp,Los Angeles,99987
730,Employee_730,HealthInc,New York,115355
731,Employee_731,TechCorp,Chicago,58580
732,Employee_732,HealthInc,New York,65050
733,Employee_733,RetailWorld,Chicago,49729
734,Employee_734,AutoMakers,Chicago,43395
735,Employee_735,HealthInc,Los Angeles,78098
736,Employee_736,TechCorp,Houston,102448
737,Employee_737,TechCorp,Chicago,97466
738,Employee_738,AutoMakers,Phoenix,44123
739,Employee_739,AutoMakers,Los Angeles,106070
740,Employee_740,RetailWorld,Los Angeles,78004
741,Employee_741,EduSoft,Houston,64931
742,Employee_742,RetailWorld,Los Angeles,42357
743,Employee_743,TechCorp,Phoenix,68253
744,Employee_744,EduSoft,New York,44060
745,Employee_745,TechCorp,Chicago,110154
746,Employee_746,RetailWorld,Chicago,71223
747,Employee_747,RetailWorld,Phoenix,76831
748,Employee_748,EduSoft,Houston,106936
749,Employee_749,RetailWorld,Phoenix,106743
750,Employee_750,RetailWorld,Houston,64582
751,Employee_751,RetailWorld,Houston,48929
752,Employee_752,EduSoft,Houston,69158
753,Employee_753,RetailWorld,New York,102319
754,Employee_754,EduSoft,Chicago,82424
755,Employee_755,AutoMakers,Chicago,60101
756,Employee_756,TechCorp,Los Angeles,60365
757,Employee_757,HealthInc,Los Angeles,44597
758,Employee_758,TechCorp,Los Angeles,77429
759,Employee_759,TechCorp,Houston,95791
760,Employee_760,AutoMakers,Chicago,87940
761,Employee_761,TechCorp,Chicago,85319
762,Employee_762,TechCorp,Los Angeles,67001
763,Employee_763,EduSoft,Houston,51506
764,Employee_764,AutoMakers,Chicago,77181
765,Employee_765,EduSoft,Chicago,77200
766,Employee_766,EduSoft,Phoenix,69018
767,Employee_767,RetailWorld,Houston,88751
768,Employee_768,TechCorp,Houston,52294
769,Employee_769,EduSoft,New York,55469
770,Employee_770,TechCorp,Chicago,95643
771,Employee_771,EduSoft,Houston,60718
772,Employee_772,HealthInc,Phoenix,87655
773,Employee_773,HealthInc,Los Angeles,84271
774,Employee_774,HealthInc,Los Angeles,80480
775,Employee_775,EduSoft,Los Angeles,70452
776,Employee_776,AutoMakers,Houston,104865
777,Employee_777,HealthInc,Los Angeles,84403
778,Employee_778,RetailWorld,Phoenix,40560
779,Employee_779,TechCorp,Los Angeles,107632
780,Employee_780,HealthInc,Houston,78782
781,Employee_781,RetailWorld,New York,105611
782,Employee_782,EduSoft,Houston,59403
783,Employee_783,AutoMakers,New York,85980
784,Employee_784,TechCorp,Phoenix,80324
785,Employee_785,AutoMakers,New York,84946
786,Employee_786,RetailWorld,Chicago,104739
787,Employee_787,AutoMakers,New York,71222
788,Employee_788,HealthInc,Houston,111005
789,Employee_789,EduSoft,Los Angeles,44193
790,Employee_790,AutoMakers,Phoenix,105295
791,Employee_791,TechCorp,Houston,49520
792,Employee_792,RetailWorld,Houston,96359
793,Employee_793,TechCorp,Los Angeles,69051
794,Employee_794,HealthInc,Los Angeles,95789
795,Employee_795,TechCorp,New York,47204
796,Employee_796,TechCorp,Houston,118379
797,Employee_797,EduSoft,Chicago,57201
798,Employee_798,RetailWorld,Chicago,103067
799,Employee_799,HealthInc,Houston,69755
800,Employee_800,HealthInc,Los Angeles,52360
801,Employee_801,TechCorp,New York,43926
802,Employee_802,RetailWorld,Phoenix,118312
803,Employee_803,EduSoft,Los Angeles,83400
804,Employee_804,RetailWorld,Chicago,86679
805,Employee_805,AutoMakers,Los Angeles,62299
806,Employee_806,EduSoft,Chicago,108503
807,Employee_807,TechCorp,New York,93741
808,Employee_808,AutoMakers,New York,64553
809,Employee_809,RetailWorld,New York,108910
810,Employee_810,TechCorp,New York,106088
811,Employee_811,EduSoft,Houston,89151
812,Employee_812,EduSoft,Phoenix,87998
813,Employee_813,TechCorp,Houston,118233
814,Employee_814,EduSoft,Phoenix,42842
815,Employee_815,RetailWorld,Los Angeles,52656
816,Employee_816,EduSoft,New York,51726
817,Employee_817,TechCorp,Houston,53637
818,Employee_818,TechCorp,Chicago,53980
819,Employee_819,RetailWorld,Phoenix,57058
820,Employee_820,EduSoft,Los Angeles,98307
821,Employee_821,EduSoft,Houston,105828
822,Employee_822,HealthInc,Phoenix,106611
823,Employee_823,RetailWorld,Phoenix,74249
824,Employee_824,AutoMakers,Houston,91553
825,Employee_825,HealthInc,New York,61182
826,Employee_826,RetailWorld,Los Angeles,71314
827,Employee_827,EduSoft,New York,71668
828,Employee_828,RetailWorld,New York,42554
829,Employee_829,HealthInc,Los Angeles,53755
830,Employee_830,TechCorp,Los Angeles,107620
831,Employee_831,RetailWorld,Phoenix,70579
832,Employee_832,TechCorp,Los Angeles,64987
833,Employee_833,RetailWorld,Los Angeles,100558
834,Employee_834,HealthInc,Chicago,84440
835,Employee_835,EduSoft,Houston,40975
836,Employee_836,EduSoft,Los Angeles,117198
837,Employee_837,HealthInc,Houston,80654
838,Employee_838,AutoMakers,New York,60311
839,Employee_839,AutoMakers,Houston,112656
840,Employee_840,EduSoft,Chicago,93816
841,Employee_841,TechCorp,New York,61836
842,Employee_842,AutoMakers,New York,61731
843,Employee_843,EduSoft,Phoenix,40618
844,Employee_844,HealthInc,Los Angeles,55926
845,Employee_845,EduSoft,Chicago,98150
846,Employee_846,EduSoft,Phoenix,79487
847,Employee_847,RetailWorld,Phoenix,46158
848,Employee_848,TechCorp,Phoenix,81100
849,Employee_849,RetailWorld,Phoenix,70791
850,Employee_850,EduSoft,Houston,118276
851,Employee_851,HealthInc,New York,58545
852,Employee_852,AutoMakers,Chicago,93730
853,Employee_853,TechCorp,Los Angeles,96585
854,Employee_854,HealthInc,Chicago,71273
855,Employee_855,RetailWorld,Houston,95426
856,Employee_856,HealthInc,Houston,81452
857,Employee_857,AutoMakers,New York,114645
858,Employee_858,EduSoft,Los Angeles,108920
859,Employee_859,AutoMakers,New York,53151
860,Employee_860,TechCorp,Los Angeles,103551
861,Employee_861,HealthInc,Phoenix,93545
862,Employee_862,RetailWorld,Chicago,89908
863,Employee_863,HealthInc,Houston,109550
864,Employee_864,HealthInc,New York,115815
865,Employee_865,RetailWorld,Chicago,105149
866,Employee_866,EduSoft,Chicago,54285
867,Employee_867,EduSoft,New York,119497
868,Employee_868,EduSoft,Houston,97987
869,Employee_869,AutoMakers,New York,113624
870,Employee_870,TechCorp,New York,105272
871,Employee_871,EduSoft,Chicago,90604
872,Employee_872,EduSoft,Phoenix,41107
873,Employee_873,HealthInc,New York,118557
874,Employee_874,TechCorp,Phoenix,53903
875,Employee_875,TechCorp,Houston,104289
876,Employee_876,TechCorp,Chicago,43680
877,Employee_877,AutoMakers,Los Angeles,53841
878,Employee_878,RetailWorld,Houston,110028
879,Employee_879,TechCorp,Chicago,119772
880,Employee_880,RetailWorld,Houston,113978
881,Employee_881,AutoMakers,Chicago,48821
882,Employee_882,EduSoft,New York,116159
883,Employee_883,AutoMakers,Los Angeles,107575
884,Employee_884,RetailWorld,Houston,62657
885,Employee_885,EduSoft,Chicago,102545
886,Employee_886,AutoMakers,Chicago,61662
887,Employee_887,TechCorp,Los Angeles,110027
888,Employee_888,TechCorp,New York,112289
889,Employee_889,EduSoft,Houston,91211
890,Employee_890,HealthInc,Los Angeles,80180
891,Employee_891,TechCorp,New York,62433
892,Employee_892,HealthInc,Houston,83509
893,Employee_893,AutoMakers,Phoenix,110537
894,Employee_894,EduSoft,New York,78573
895,Employee_895,RetailWorld,Los Angeles,75622
896,Employee_896,AutoMakers,Los Angeles,80539
897,Employee_897,EduSoft,Los Angeles,82663
898,Employee_898,TechCorp,Los Angeles,95371
899,Employee_899,EduSoft,Los Angeles,95667
900,Employee_900,TechCorp,Los Angeles,102255
901,Employee_901,HealthInc,Chicago,115384
902,Employee_902,HealthInc,Houston,78619
903,Employee_903,HealthInc,Chicago,55743
904,Employee_904,EduSoft,New York,56061
905,Employee_905,RetailWorld,Chicago,92795
906,Employee_906,HealthInc,Houston,104570
907,Employee_907,RetailWorld,New York,77759
908,Employee_908,RetailWorld,Houston,63145
909,Employee_909,HealthInc,Phoenix,118467
910,Employee_910,RetailWorld,Phoenix,108140
911,Employee_911,HealthInc,Phoenix,79098
912,Employee_912,TechCorp,Houston,72015
913,Employee_913,HealthInc,New York,116704
914,Employee_914,RetailWorld,Phoenix,68606
915,Employee_915,RetailWorld,Los Angeles,104386
916,Employee_916,TechCorp,Chicago,83933
917,Employee_917,RetailWorld,Houston,72502
918,Employee_918,AutoMakers,Phoenix,64810
919,Employee_919,RetailWorld,Los Angeles,47364
920,Employee_920,EduSoft,Phoenix,69774
921,Employee_921,EduSoft,Houston,103727
922,Employee_922,HealthInc,New York,63155
923,Employee_923,HealthInc,Phoenix,59608
924,Employee_924,AutoMakers,Phoenix,40714
925,Employee_925,EduSoft,New York,112257
926,Employee_926,TechCorp,New York,64420
927,Employee_927,HealthInc,New York,110790
928,Employee_928,AutoMakers,Houston,44494
929,Employee_929,TechCorp,Chicago,51895
930,Employee_930,RetailWorld,Chicago,113376
931,Employee_931,HealthInc,Houston,44478
932,Employee_932,HealthInc,Los Angeles,62158
933,Employee_933,TechCorp,New York,74031
934,Employee_934,RetailWorld,Chicago,77158
935,Employee_935,EduSoft,New York,65769
936,Employee_936,HealthInc,Los Angeles,107877
937,Employee_937,EduSoft,Los Angeles,107214
938,Employee_938,TechCorp,Houston,49942
939,Employee_939,AutoMakers,Houston,82417
940,Employee_940,EduSoft,Houston,109371
941,Employee_941,TechCorp,Los Angeles,111431
942,Employee_942,EduSoft,Los Angeles,67448
943,Employee_943,EduSoft,Phoenix,116436
944,Employee_944,HealthInc,Chicago,64155
945,Employee_945,RetailWorld,Houston,95784
946,Employee_946,AutoMakers,Chicago,117160
947,Employee_947,HealthInc,New York,72070
948,Employee_948,HealthInc,Phoenix,71939
949,Employee_949,TechCorp,Los Angeles,81641
950,Employee_950,TechCorp,New York,94601
951,Employee_951,HealthInc,Houston,110124
952,Employee_952,TechCorp,Phoenix,76417
953,Employee_953,RetailWorld,Phoenix,119816
954,Employee_954,RetailWorld,New York,87047
955,Employee_955,HealthInc,Los Angeles,114133
956,Employee_956,HealthInc,Los Angeles,49887
957,Employee_957,RetailWorld,Los Angeles,44931
958,Employee_958,AutoMakers,New York,68803
959,Employee_959,AutoMakers,Chicago,94787
960,Employee_960,EduSoft,Los Angeles,43461
961,Employee_961,RetailWorld,Chicago,57129
962,Employee_962,RetailWorld,Houston,114960
963,Employee_963,HealthInc,New York,71363
964,Employee_964,RetailWorld,New York,73806
965,Employee_965,AutoMakers,New York,68610
966,Employee_966,RetailWorld,New York,56966
967,Employee_967,RetailWorld,New York,48605
968,Employee_968,TechCorp,Phoenix,48780
969,Employee_969,EduSoft,Phoenix,94413
970,Employee_970,TechCorp,Houston,118412
971,Employee_971,AutoMakers,Houston,104199
972,Employee_972,RetailWorld,Phoenix,58796
973,Employee_973,EduSoft,Chicago,77279
974,Employee_974,EduSoft,Houston,80153
975,Employee_975,HealthInc,New York,106761
976,Employee_976,HealthInc,Phoenix,102608
977,Employee_977,RetailWorld,Chicago,81724
978,Employee_978,RetailWorld,Los Angeles,52669
979,Employee_979,EduSoft,Phoenix,97591
980,Employee_980,HealthInc,Los Angeles,109081
981,Employee_981,HealthInc,Chicago,66782
982,Employee_982,AutoMakers,Los Angeles,94469
983,Employee_983,TechCorp,Chicago,112820
984,Employee_984,EduSoft,New York,119975
985,Employee_985,TechCorp,Chicago,67530
986,Employee_986,AutoMakers,New York,86041
987,Employee_987,HealthInc,Phoenix,85371
988,Employee_988,RetailWorld,Los Angeles,52628
989,Employee_989,EduSoft,Houston,86595
990,Employee_990,TechCorp,Phoenix,95977
991,Employee_991,AutoMakers,New York,91426
992,Employee_992,HealthInc,Chicago,55101
993,Employee_993,HealthInc,New York,44872
994,Employee_994,AutoMakers,Los Angeles,67033
995,Employee_995,TechCorp,Chicago,110038
996,Employee_996,AutoMakers,Chicago,70148
997,Employee_997,AutoMakers,Los Angeles,78024
998,Employee_998,RetailWorld,New York,80290
999,Employee_999,RetailWorld,Los Angeles,59877
1000,Employee_1000,EduSoft,Phoenix,107719
