Name,Age,Marital_status
Jamie,57,Married
Riley,38,Married
Taylor,24,Single
Casey,34,Single
Taylor,57,Married
Jamie,26,Single
Riley,33,Single
Drew,24,Married
Jordan,29,Single
Casey,52,Single
Cameron,28,Married
Drew,31,Single
Casey,44,Married
Alex,41,Married
Quinn,26,Single
Drew,47,Single
Quinn,31,Single
Drew,32,Single
Riley,52,Single
Cameron,32,Single
Cameron,20,Married
Drew,43,Single
Taylor,41,Married
Riley,35,Married
Morgan,52,Single
Jordan,54,Married
Taylor,39,Single
Taylor,22,Single
Quinn,56,Married
Casey,40,Single
Alex,24,Married
Drew,41,Single
Jamie,27,Married
Jamie,31,Married
Riley,40,Married
Taylor,27,Single
Morgan,54,Single
Drew,43,Single
Riley,45,Single
Taylor,33,Single
Cameron,39,Single
Taylor,29,Married
Cameron,33,Single
Cameron,57,Single
Jamie,32,Married
Quinn,38,Married
Jamie,38,Married
Quinn,38,Married
Jordan,44,Single
Jamie,41,Married
Cameron,21,Single
Morgan,38,Married
Taylor,59,Single
Jamie,39,Married
Taylor,30,Married
Cameron,20,Married
Casey,20,Married
Casey,24,Single
Riley,25,Married
Casey,46,Single
Quinn,51,Single
Jordan,29,Married
Riley,56,Single
Drew,23,Married
Jamie,54,Married
Alex,36,Married
Cameron,22,Single
Jamie,47,Married
Riley,54,Married
Casey,30,Married
Jamie,56,Single
Jordan,22,Married
Casey,45,Married
Jordan,51,Single
Jamie,33,Married
Drew,30,Married
Quinn,24,Single
Taylor,35,Single
Cameron,52,Married
Jordan,35,Married
Alex,36,Single
Jamie,51,Married
Taylor,54,Single
Cameron,35,Married
Jordan,24,Married
Taylor,36,Married
Morgan,40,Single
Alex,42,Single
Casey,48,Married
Morgan,45,Married
Riley,41,Single
Quinn,38,Married
Cameron,27,Single
Taylor,22,Married
Alex,35,Married
Jordan,27,Married
Riley,25,Single
Cameron,29,Single
Jordan,27,Married
Jamie,53,Single
